Datum,Super,E10,Diesel
2022-07-14 21:24:32,1.76,1.7,1.89
2022-07-14 22:22:41,1.76,1.7,1.89
2022-07-15 05:43:22,1.82,1.8,1.94
2022-07-15 08:53:21,1.782,1.722,1.942
2022-07-15 09:15:54,1.772,1.712,1.942
2022-07-15 10:15:56,1.762,1.702,1.882
2022-07-15 11:15:58,1.742,1.682,1.882
2022-07-15 12:16:01,1.742,1.682,1.882
2022-07-15 13:16:03,1.742,1.682,1.842
2022-07-15 14:16:05,1.742,1.682,1.842
2022-07-15 15:16:07,1.742,1.682,1.842
2022-07-15 16:16:10,1.742,1.682,1.852
2022-07-16 08:09:32,1.732,1.672,1.862
2022-07-16 09:09:34,1.732,1.672,1.862
2022-07-16 10:09:36,1.732,1.672,1.862
2022-07-16 11:09:39,1.732,1.672,1.862
2022-07-16 12:09:41,1.732,1.672,1.862
2022-07-16 13:09:43,1.732,1.672,1.862
2022-07-16 14:09:45,1.732,1.712,1.862
2022-07-20 10:18:56,1.762,1.701,1.916
2022-07-20 11:18:59,1.762,1.701,1.916
2022-07-20 12:19:01,1.752,1.69,1.916
2022-07-20 13:19:03,1.752,1.69,1.895
2022-07-20 14:19:06,1.762,1.701,1.895
2022-07-20 15:19:08,1.762,1.701,1.895
2022-07-20 16:19:10,1.762,1.701,1.895
2022-07-20 17:19:13,1.752,1.69,1.895
2022-07-20 17:35:04,1.752,1.69,1.895
2022-07-20 18:35:07,1.752,1.69,1.895
2022-07-20 19:35:09,1.752,1.69,1.895
2022-07-20 20:35:11,1.772,1.711,1.916
2022-07-20 20:50:17,1.772,1.711,1.916
2022-07-20 21:05:28,1.772,1.711,1.916
2022-07-20 22:05:30,1.772,1.711,1.916
2022-07-20 23:05:32,1.834,1.772,2.008
2022-07-21 00:05:34,1.834,1.772,2.008
2022-07-21 01:05:36,1.834,1.772,2.008
2022-07-21 02:05:38,1.834,1.772,2.008
2022-07-21 03:05:41,1.783,1.721,1.926
2022-07-21 04:05:43,1.772,1.711,1.916
2022-07-21 05:05:45,1.926,1.906,2.029
2022-07-21 06:05:48,1.926,1.906,2.029
2022-07-21 07:05:51,1.824,1.762,1.998
2022-07-21 08:05:54,1.816,1.795,1.958
2022-07-21 09:05:57,1.816,1.785,1.958
2022-07-21 09:51:17,1.754,1.693,1.918
2022-07-21 10:51:19,1.754,1.734,1.907
2022-07-21 11:51:22,1.754,1.724,1.907
2022-07-21 12:51:24,1.754,1.693,1.907
2022-07-21 13:51:26,1.754,1.714,1.897
2022-07-21 14:51:29,1.744,1.683,1.897
2022-07-21 15:51:31,1.754,1.693,1.897
2022-07-21 16:51:33,1.734,1.673,1.897
2022-07-21 17:51:35,1.744,1.683,1.897
2022-07-21 18:51:38,1.734,1.673,1.897
2022-07-21 19:51:41,1.734,1.673,1.897
2022-07-21 20:51:44,1.754,1.693,1.897
2022-07-21 21:51:46,1.754,1.693,1.897
2022-07-21 22:51:49,1.816,1.754,1.989
2022-07-21 23:51:52,1.816,1.754,1.989
2022-07-22 00:51:55,1.816,1.754,1.989
2022-07-22 01:51:59,1.816,1.754,1.989
2022-07-22 02:52:02,1.816,1.754,1.989
2022-07-22 03:52:05,1.754,1.693,1.907
2022-07-22 04:52:10,1.754,1.734,1.907
2022-07-22 06:01:57,1.754,1.724,1.907
2022-07-22 06:46:46,1.744,1.683,1.907
2022-07-22 07:46:49,1.745,1.724,1.908
2022-07-22 08:46:51,1.745,1.724,1.908
2022-07-22 09:46:53,1.745,1.704,1.908
2022-07-22 10:46:55,1.745,1.694,1.908
2022-07-22 11:48:09,1.734,1.673,1.908
2022-07-22 12:48:11,1.724,1.663,1.908
2022-07-22 13:48:14,1.734,1.673,1.898
2022-07-22 14:48:17,1.724,1.663,1.877
2022-07-22 15:48:20,1.734,1.673,1.898
2022-07-22 16:48:23,1.714,1.653,1.877
2022-07-22 17:48:25,1.724,1.663,1.898
2022-07-22 18:48:27,1.714,1.653,1.877
2022-07-22 19:48:30,1.714,1.653,1.877
2022-07-22 20:48:33,1.734,1.673,1.898
2022-07-22 21:48:36,1.734,1.673,1.898
2022-07-22 22:48:38,1.745,1.683,1.898
2022-07-22 23:48:41,1.745,1.683,1.898
2022-07-23 00:48:43,1.745,1.683,1.898
2022-07-23 01:48:46,1.806,1.745,1.979
2022-07-23 02:48:48,1.806,1.745,1.979
2022-07-23 03:48:51,1.806,1.745,1.979
2022-07-23 04:48:53,1.806,1.755,1.979
2022-07-23 05:48:56,1.806,1.785,1.979
2022-07-23 06:48:59,1.724,1.663,1.898
2022-07-23 07:49:01,1.724,1.663,1.908
2022-07-23 08:49:04,1.724,1.663,1.908
2022-07-23 09:49:07,1.724,1.663,1.898
2022-07-23 10:49:09,1.724,1.663,1.908
2022-07-23 11:33:59,1.724,1.663,1.908
2022-07-23 12:34:01,1.724,1.663,1.908
2022-07-23 13:34:03,1.724,1.694,1.908
2022-07-23 14:34:06,1.724,1.673,1.908
2022-07-23 15:34:09,1.745,1.694,1.908
2022-07-23 16:34:12,1.734,1.673,1.908
2022-07-23 17:34:15,1.745,1.683,1.908
2022-07-23 18:34:17,1.734,1.673,1.908
2022-07-23 19:34:20,1.734,1.673,1.908
2022-07-23 20:34:22,1.755,1.694,1.918
2022-07-23 21:34:25,1.755,1.694,1.918
2022-07-23 22:34:27,1.755,1.694,1.918
2022-07-23 23:34:30,1.816,1.755,2.01
2022-07-24 00:34:32,1.816,1.755,2.01
2022-07-24 01:34:35,1.816,1.755,2.01
2022-07-24 02:34:38,1.816,1.755,2.01
2022-07-24 03:34:40,1.816,1.755,2.01
2022-07-24 04:34:41,1.816,1.755,2.01
2022-07-24 05:34:43,1.816,1.755,2.01
2022-07-24 06:34:46,1.734,1.673,1.908
2022-07-24 07:34:48,1.734,1.673,1.908
2022-07-24 08:34:51,1.734,1.673,1.908
2022-07-24 09:34:54,1.734,1.673,1.908
2022-07-24 10:34:56,1.724,1.663,1.908
2022-07-24 11:34:59,1.724,1.663,1.908
2022-07-24 12:35:02,1.724,1.663,1.908
2022-07-24 13:35:04,1.765,1.704,1.939
2022-07-24 14:35:07,1.755,1.694,1.918
2022-07-24 15:35:09,1.755,1.694,1.928
2022-07-24 16:35:13,1.755,1.694,1.918
2022-07-24 17:35:16,1.755,1.694,1.928
2022-07-24 18:35:19,1.755,1.694,1.918
2022-07-24 19:35:22,1.755,1.694,1.918
2022-07-24 20:35:24,1.755,1.694,1.928
2022-07-24 21:35:27,1.755,1.694,1.939
2022-07-24 22:35:30,1.755,1.694,1.939
2022-07-24 23:35:32,1.816,1.755,2.01
2022-07-25 00:35:34,1.816,1.755,2.01
2022-07-25 01:35:37,1.816,1.755,2.01
2022-07-25 02:35:41,1.816,1.755,2.01
2022-07-25 03:35:44,1.755,1.694,1.928
2022-07-25 04:35:46,1.796,1.745,1.939
2022-07-25 05:35:49,1.796,1.775,1.939
2022-07-25 06:35:52,1.796,1.775,1.939
2022-07-25 07:35:53,1.794,1.743,1.926
2022-07-25 08:35:56,1.794,1.732,1.936
2022-07-25 10:05:12,1.773,1.712,1.926
2022-07-25 11:05:14,1.783,1.722,1.936
2022-07-25 12:05:16,1.753,1.692,1.916
2022-07-25 13:05:19,1.743,1.681,1.916
2022-07-25 14:05:20,1.773,1.712,1.947
2022-07-25 15:05:22,1.732,1.671,1.896
2022-07-25 16:05:25,1.743,1.681,1.916
2022-07-25 17:05:27,1.722,1.661,1.885
2022-07-25 18:05:28,1.722,1.661,1.906
2022-07-25 19:05:31,1.712,1.651,1.885
2022-07-25 20:05:33,1.732,1.681,1.906
2022-07-25 21:05:35,1.732,1.681,1.906
2022-07-25 22:05:37,1.743,1.681,1.926
2022-07-25 23:05:39,1.794,1.732,1.987
2022-07-26 00:05:42,1.794,1.732,1.987
2022-07-26 01:05:44,1.794,1.732,1.987
2022-07-26 02:05:47,1.794,1.732,1.987
2022-07-26 03:05:49,1.743,1.681,1.906
2022-07-26 04:05:51,1.743,1.681,1.906
2022-07-26 05:05:53,1.916,1.865,1.987
2022-07-26 06:05:55,1.916,1.865,1.987
2022-07-26 07:05:57,1.783,1.722,1.906
2022-07-26 08:05:59,1.786,1.756,1.909
2022-07-26 09:06:01,1.766,1.704,1.899
2022-07-26 10:05:40,1.735,1.674,1.888
2022-07-26 11:05:43,1.756,1.694,1.888
2022-07-26 12:05:45,1.735,1.674,1.868
2022-07-26 13:05:48,1.725,1.664,1.868
2022-07-26 14:05:50,1.756,1.694,1.888
2022-07-26 15:05:53,1.725,1.664,1.868
2022-07-26 16:05:56,1.745,1.684,1.888
2022-07-26 17:05:58,1.725,1.664,1.868
2022-07-26 17:51:35,1.745,1.684,1.888
2022-07-26 18:51:37,1.735,1.674,1.868
2022-07-26 19:51:40,1.725,1.664,1.868
2022-07-26 20:51:42,1.745,1.684,1.888
2022-07-26 21:51:45,1.745,1.684,1.909
2022-07-26 22:51:47,1.807,1.745,1.97
2022-07-26 23:51:50,1.807,1.745,1.97
2022-07-27 00:51:52,1.807,1.745,1.97
2022-07-27 01:51:55,1.807,1.745,1.97
2022-07-27 02:51:58,1.807,1.745,1.97
2022-07-27 03:52:00,1.745,1.684,1.909
2022-07-27 04:52:03,1.837,1.817,2.011
2022-07-27 05:52:05,1.837,1.817,2.011
2022-07-27 06:52:07,1.735,1.674,1.899
2022-07-27 07:52:10,1.772,1.711,1.934
2022-07-27 08:52:12,1.731,1.671,1.883
2022-07-27 09:52:14,1.721,1.661,1.873
2022-07-27 10:52:16,1.731,1.671,1.914
2022-07-27 11:52:19,1.731,1.671,1.883
2022-07-27 12:52:21,1.711,1.65,1.873
2022-07-27 13:52:23,1.721,1.681,1.894
2022-07-27 14:52:26,1.711,1.65,1.873
2022-07-27 15:36:55,1.721,1.671,1.894
2022-07-27 16:36:57,1.721,1.661,1.873
2022-07-27 17:37:00,1.711,1.65,1.894
2022-07-27 18:37:02,1.711,1.65,1.873
2022-07-27 19:37:05,1.711,1.65,1.873
2022-07-27 20:37:07,1.731,1.671,1.894
2022-07-27 21:37:09,1.731,1.671,1.904
2022-07-27 22:37:11,1.792,1.731,1.975
2022-07-27 23:37:14,1.792,1.731,1.975
2022-07-28 00:37:16,1.792,1.731,1.975
2022-07-28 01:37:19,1.792,1.731,1.975
2022-07-28 02:37:21,1.792,1.731,1.975
2022-07-28 03:37:25,1.742,1.681,1.894
2022-07-28 04:37:28,1.782,1.721,1.975
2022-07-28 05:37:18,1.904,1.873,2.025
2022-07-28 06:37:19,1.833,1.772,1.995
2022-07-28 07:37:22,1.777,1.715,1.92
2022-07-28 08:37:23,1.766,1.705,1.94
2022-07-28 09:37:26,1.746,1.685,1.93
2022-07-28 10:37:28,1.756,1.695,1.93
2022-07-28 11:37:31,1.756,1.695,1.93
2022-07-28 12:37:33,1.746,1.685,1.909
2022-07-28 13:37:35,1.766,1.705,1.93
2022-07-28 14:37:37,1.756,1.695,1.93
2022-07-28 15:38:11,1.766,1.705,1.93
2022-07-28 15:53:26,1.766,1.705,1.93
2022-07-28 16:53:28,1.736,1.674,1.909
2022-07-28 17:23:30,1.736,1.674,1.909
2022-07-28 18:23:33,1.736,1.674,1.909
2022-07-28 19:23:35,1.726,1.664,1.909
2022-07-28 20:23:38,1.746,1.685,1.93
2022-07-28 20:38:30,1.746,1.685,1.93
2022-07-28 21:38:33,1.746,1.685,1.93
2022-07-28 22:38:36,1.807,1.746,2.012
2022-07-28 23:38:38,1.807,1.746,2.012
2022-07-29 00:38:40,1.807,1.746,2.012
2022-07-29 01:38:42,1.807,1.746,2.012
2022-07-29 02:38:44,1.807,1.746,2.012
2022-07-29 03:38:47,1.746,1.685,1.94
2022-07-29 04:38:49,1.746,1.685,1.93
2022-07-29 05:38:51,1.777,1.756,1.94
2022-07-29 06:38:53,1.818,1.756,1.971
2022-07-29 07:38:56,1.822,1.761,1.976
2022-07-29 08:38:58,1.822,1.761,1.965
2022-07-29 09:39:00,1.761,1.699,1.925
2022-07-29 10:39:03,1.75,1.689,1.945
2022-07-29 11:39:06,1.75,1.689,1.945
2022-07-29 12:39:07,1.74,1.679,1.945
2022-07-29 13:39:10,1.771,1.709,1.945
2022-07-29 14:39:12,1.75,1.689,1.914
2022-07-29 15:39:15,1.761,1.699,1.935
2022-07-29 16:39:18,1.74,1.679,1.914
2022-07-29 17:39:21,1.74,1.679,1.935
2022-07-29 18:39:23,1.74,1.679,1.914
2022-07-29 19:39:27,1.73,1.668,1.914
2022-07-29 20:23:31,1.75,1.689,1.935
2022-07-29 21:23:33,1.761,1.699,1.935
2022-07-29 22:23:35,1.761,1.699,1.935
2022-07-29 23:23:38,1.812,1.75,2.017
2022-07-30 00:23:43,1.812,1.75,2.017
2022-07-30 01:23:48,1.812,1.75,2.017
2022-07-30 02:23:52,1.812,1.75,2.017
2022-07-30 03:23:56,1.812,1.75,2.017
2022-07-30 04:24:01,1.812,1.75,2.017
2022-07-30 05:24:06,1.761,1.699,1.935
2022-07-30 06:24:10,1.75,1.689,1.935
2022-07-30 07:24:14,1.74,1.679,1.935
2022-07-30 08:24:19,1.737,1.679,1.935
2022-07-30 09:24:24,1.737,1.679,1.935
2022-07-30 10:24:27,1.737,1.679,1.935
2022-07-30 11:24:30,1.737,1.679,1.955
2022-07-30 12:24:33,1.737,1.679,1.935
2022-07-30 13:24:37,1.73,1.668,1.935
2022-07-30 14:24:41,1.737,1.699,1.935
2022-07-30 15:24:45,1.737,1.699,1.935
2022-07-30 16:24:49,1.737,1.699,1.935
2022-07-30 17:24:53,1.737,1.689,1.935
2022-07-30 18:24:56,1.737,1.699,1.935
2022-07-30 18:38:52,1.737,1.699,1.935
2022-07-30 19:38:55,1.73,1.668,1.935
2022-07-30 20:38:57,1.75,1.689,1.955
2022-07-30 21:38:59,1.771,1.709,1.955
2022-07-30 22:39:02,1.781,1.72,1.976
2022-07-30 23:39:04,1.781,1.72,1.976
2022-07-31 00:39:09,1.781,1.72,1.976
2022-07-31 01:39:14,1.781,1.72,1.976
2022-07-31 02:39:19,1.781,1.72,1.976
2022-07-31 03:39:24,1.812,1.75,2.037
2022-07-31 04:39:29,1.863,1.802,2.037
2022-07-31 05:39:34,1.771,1.709,1.986
2022-07-31 06:39:39,1.73,1.668,1.955
2022-07-31 07:39:44,1.73,1.668,1.955
2022-07-31 08:39:49,1.73,1.668,1.955
2022-07-31 09:39:57,1.73,1.668,1.955
2022-07-31 10:40:00,1.73,1.668,1.955
2022-07-31 11:40:02,1.73,1.668,1.955
2022-07-31 12:40:05,1.73,1.668,1.955
2022-07-31 17:18:27,1.771,1.709,1.955
2022-07-31 18:18:29,1.771,1.709,1.955
2022-07-31 19:18:31,1.771,1.709,1.955
2022-07-31 20:18:34,1.771,1.709,1.955
2022-07-31 21:18:13,1.771,1.709,1.955
2022-07-31 22:18:15,1.771,1.709,1.955
2022-07-31 23:18:18,1.843,1.781,2.037
2022-08-01 00:18:23,1.843,1.781,2.037
2022-08-01 01:18:27,1.843,1.781,2.037
2022-08-01 03:44:51,1.771,1.709,1.955
2022-08-01 04:44:56,1.771,1.709,1.955
2022-08-01 05:44:54,1.771,1.709,1.955
2022-08-01 06:44:58,1.771,1.709,1.955
2022-08-01 07:45:02,1.759,1.698,1.943
2022-08-01 08:45:06,1.759,1.698,1.943
2022-08-01 09:45:10,1.749,1.688,1.943
2022-08-01 10:45:13,1.749,1.688,1.923
2022-08-01 11:45:15,1.749,1.688,1.923
2022-08-01 12:45:17,1.749,1.688,1.923
2022-08-01 13:45:19,1.759,1.729,1.943
2022-08-01 14:45:21,1.759,1.698,1.933
2022-08-01 15:15:13,1.759,1.698,1.933
2022-08-01 16:15:15,1.759,1.698,1.923
2022-08-01 17:15:18,1.749,1.688,1.923
2022-08-01 18:15:19,1.749,1.688,1.923
2022-08-01 19:15:21,1.739,1.677,1.923
2022-08-01 20:15:24,1.759,1.698,1.943
2022-08-01 21:15:26,1.769,1.708,1.954
2022-08-01 22:15:28,1.769,1.708,1.954
2022-08-01 23:15:30,1.821,1.759,2.005
2022-08-02 00:15:35,1.821,1.759,2.005
2022-08-02 01:15:39,1.821,1.759,2.005
2022-08-02 02:15:51,1.821,1.759,2.005
2022-08-02 03:15:57,1.78,1.718,1.943
2022-08-02 04:04:03,1.769,1.708,1.943
2022-08-02 05:05:45,1.8,1.739,1.984
2022-08-02 06:05:50,1.8,1.739,1.984
2022-08-02 07:05:55,1.78,1.718,1.923
2022-08-02 08:39:03,1.781,1.73,1.924
2022-08-02 09:39:07,1.781,1.73,1.924
2022-08-02 10:39:10,1.781,1.73,1.924
2022-08-02 11:39:12,1.781,1.72,1.924
2022-08-02 12:39:14,1.761,1.699,1.924
2022-08-02 13:39:17,1.761,1.73,1.924
2022-08-02 14:39:19,1.761,1.699,1.924
2022-08-02 15:39:22,1.761,1.72,1.924
2022-08-03 18:18:25,1.726,1.665,1.899
2022-08-03 19:24:35,1.716,1.655,1.899
2022-08-03 20:24:38,1.746,1.685,1.919
2022-08-03 21:24:40,1.757,1.696,1.919
2022-08-03 22:24:42,1.757,1.696,1.919
2022-08-03 23:24:45,1.807,1.746,1.98
2022-08-04 00:24:46,1.807,1.746,1.98
2022-08-04 01:24:48,1.807,1.746,1.98
2022-08-04 02:24:50,1.807,1.746,1.98
2022-08-04 03:24:52,1.757,1.696,1.96
2022-08-04 03:56:12,1.757,1.696,1.96
2022-08-04 04:56:14,1.879,1.848,1.98
2022-08-04 05:56:16,1.879,1.848,1.98
2022-08-04 06:56:19,1.787,1.726,1.939
2022-08-04 07:56:21,1.778,1.758,1.911
2022-08-04 08:56:24,1.778,1.717,1.911
2022-08-04 09:56:26,1.768,1.707,1.911
2022-08-04 10:56:28,1.768,1.707,1.911
2022-08-04 11:56:30,1.758,1.697,1.911
2022-08-04 12:56:32,1.748,1.687,1.911
2022-08-04 13:56:34,1.728,1.707,1.911
2022-08-04 14:56:37,1.728,1.667,1.911
2022-08-04 15:56:38,1.728,1.687,1.911
2022-08-04 16:56:41,1.728,1.667,1.911
2022-08-04 17:56:42,1.728,1.677,1.911
2022-08-04 18:56:45,1.728,1.667,1.911
2022-08-04 19:56:46,1.717,1.656,1.911
2022-08-04 20:56:48,1.728,1.697,1.911
2022-08-04 21:56:51,1.758,1.697,1.941
2022-08-04 22:56:53,1.819,1.758,1.992
2022-08-05 00:13:44,1.819,1.758,1.992
2022-08-05 00:44:34,1.819,1.758,1.992
2022-08-05 01:16:16,1.819,1.758,1.992
2022-08-05 02:16:18,1.819,1.758,1.992
2022-08-05 03:16:20,1.728,1.697,1.911
2022-08-05 04:16:23,1.758,1.697,1.941
2022-08-05 05:16:25,1.829,1.809,1.951
2022-08-05 06:16:27,1.829,1.809,1.951
2022-08-05 07:16:30,1.8,1.739,1.934
2022-08-05 08:16:32,1.8,1.78,1.934
2022-08-05 09:16:35,1.78,1.719,1.934
2022-08-05 10:16:37,1.729,1.667,1.934
2022-08-05 11:16:40,1.77,1.708,1.923
2022-08-05 12:16:42,1.749,1.688,1.923
2022-08-05 13:27:33,1.739,1.678,1.923
2022-08-05 14:27:35,1.739,1.678,1.923
2022-08-05 15:27:38,1.739,1.678,1.923
2022-08-05 16:27:40,1.739,1.678,1.923
2022-08-05 17:27:43,1.739,1.678,1.923
2022-08-05 18:19:27,1.739,1.678,1.923
2022-08-05 19:19:30,1.729,1.667,1.913
2022-08-05 20:19:32,1.749,1.688,1.954
2022-08-05 21:19:34,1.749,1.688,1.954
2022-08-05 22:19:36,1.749,1.688,1.954
2022-08-05 23:19:38,1.811,1.749,2.005
2022-08-06 00:19:41,1.811,1.749,2.005
2022-08-06 01:19:43,1.811,1.749,2.005
2022-08-06 02:19:45,1.811,1.749,2.005
2022-08-06 03:19:47,1.811,1.749,2.005
2022-08-06 04:19:49,1.811,1.749,2.005
2022-08-06 05:19:51,1.811,1.749,2.005
2022-08-06 06:19:53,1.749,1.688,1.954
2022-08-06 07:19:55,1.739,1.678,1.934
2022-08-06 08:19:57,1.739,1.678,1.934
2022-08-06 09:19:59,1.739,1.678,1.934
2022-08-06 10:20:01,1.729,1.667,1.934
2022-08-06 11:20:03,1.729,1.667,1.934
2022-08-06 11:51:02,1.729,1.667,1.934
2022-08-06 12:51:04,1.729,1.667,1.934
2022-08-06 13:51:06,1.739,1.708,1.934
2022-08-06 14:51:09,1.739,1.678,1.934
2022-08-06 15:51:11,1.739,1.698,1.934
2022-08-06 16:51:14,1.739,1.678,1.934
2022-08-06 17:52:38,1.739,1.678,1.934
2022-08-06 18:52:41,1.739,1.678,1.934
2022-08-06 19:52:43,1.729,1.667,1.923
2022-08-06 20:52:46,1.749,1.688,1.964
2022-08-06 21:52:48,1.76,1.698,1.964
2022-08-06 22:52:51,1.811,1.749,2.005
2022-08-06 23:52:53,1.811,1.749,2.005
2022-08-07 00:52:55,1.811,1.749,2.005
2022-08-07 01:54:18,1.811,1.749,2.005
2022-08-07 02:54:20,1.811,1.749,2.005
2022-08-07 03:54:23,1.811,1.749,2.005
2022-08-07 04:54:25,1.841,1.78,2.015
2022-08-07 05:54:28,1.811,1.749,2.005
2022-08-07 06:54:30,1.729,1.667,1.944
2022-08-07 07:54:33,1.729,1.667,1.944
2022-08-07 08:54:36,1.729,1.667,1.944
2022-08-07 09:54:37,1.729,1.667,1.934
2022-08-07 10:54:40,1.729,1.667,1.934
2022-08-07 11:54:42,1.729,1.667,1.934
2022-08-07 12:54:44,1.729,1.667,1.934
2022-08-07 13:39:13,1.739,1.708,1.944
2022-08-07 14:39:16,1.739,1.688,1.944
2022-08-07 15:39:18,1.739,1.698,1.944
2022-08-07 16:39:20,1.739,1.698,1.944
2022-08-07 17:39:22,1.739,1.698,1.944
2022-08-07 18:39:25,1.739,1.698,1.944
2022-08-07 19:39:28,1.76,1.698,1.964
2022-08-07 20:39:30,1.76,1.698,1.964
2022-08-07 21:39:33,1.76,1.698,1.964
2022-08-07 22:39:35,1.821,1.76,2.005
2022-08-07 23:39:38,1.821,1.76,2.005
2022-08-08 00:39:41,1.821,1.76,2.005
2022-08-08 01:39:43,1.821,1.76,2.005
2022-08-08 02:39:46,1.821,1.76,2.005
2022-08-08 03:39:48,1.76,1.698,1.964
2022-08-08 04:39:51,1.8,1.739,1.974
2022-08-08 05:39:53,1.8,1.78,1.974
2022-08-08 06:39:56,1.8,1.739,1.974
2022-08-08 07:39:59,1.79,1.739,1.963
2022-08-08 08:40:01,1.77,1.709,1.943
2022-08-08 09:24:15,1.739,1.678,1.943
2022-08-08 10:24:18,1.719,1.658,1.912
2022-08-08 11:24:21,1.719,1.658,1.923
2022-08-08 12:24:23,1.719,1.658,1.923
2022-08-08 13:24:25,1.709,1.648,1.912
2022-08-08 14:24:28,1.709,1.648,1.902
2022-08-08 15:24:30,1.709,1.658,1.902
2022-08-08 16:24:33,1.709,1.658,1.902
2022-08-08 17:24:35,1.699,1.638,1.902
2022-08-08 18:24:38,1.709,1.648,1.902
2022-08-08 19:24:39,1.709,1.648,1.902
2022-08-08 20:24:43,1.729,1.668,1.933
2022-08-08 21:24:45,1.729,1.668,1.933
2022-08-08 22:24:48,1.729,1.668,1.933
2022-08-08 23:24:50,1.79,1.729,1.963
2022-08-09 00:24:11,1.79,1.729,1.963
2022-08-09 01:24:13,1.79,1.729,1.963
2022-08-09 02:57:32,1.79,1.729,1.963
2022-08-09 03:57:34,1.739,1.678,1.943
2022-08-09 04:57:36,1.78,1.76,1.974
2022-08-09 05:45:45,1.78,1.76,1.974
2022-08-09 06:45:47,1.78,1.739,1.943
2022-08-09 07:45:50,1.785,1.754,1.938
2022-08-09 08:45:52,1.775,1.714,1.938
2022-08-09 09:45:54,1.754,1.693,1.938
2022-08-09 10:45:57,1.714,1.663,1.918
2022-08-09 11:45:59,1.714,1.663,1.918
2022-08-09 12:46:01,1.714,1.652,1.918
2022-08-09 13:46:03,1.714,1.693,1.918
2022-08-09 14:46:06,1.714,1.663,1.918
2022-08-09 15:46:08,1.714,1.683,1.918
2022-08-09 16:46:10,1.714,1.663,1.918
2022-08-09 17:46:13,1.714,1.663,1.918
2022-08-09 18:46:15,1.714,1.663,1.918
2022-08-09 19:46:19,1.714,1.652,1.918
2022-08-09 20:46:21,1.714,1.673,1.918
2022-08-09 21:46:24,1.744,1.683,1.938
2022-08-09 22:46:27,1.795,1.734,1.969
2022-08-10 00:00:43,1.795,1.734,1.969
2022-08-10 01:00:45,1.795,1.734,1.969
2022-08-10 02:00:47,1.795,1.734,1.969
2022-08-10 03:00:49,1.714,1.683,1.918
2022-08-10 04:00:51,1.714,1.683,1.918
2022-08-10 05:00:54,1.785,1.765,1.979
2022-08-10 06:00:56,1.785,1.765,1.958
2022-08-10 07:00:58,1.775,1.714,1.907
2022-08-10 08:01:00,1.786,1.725,1.96
2022-08-10 09:01:03,1.755,1.694,1.909
2022-08-10 10:01:05,1.714,1.653,1.909
2022-08-10 11:01:08,1.735,1.694,1.909
2022-08-10 12:01:11,1.735,1.674,1.909
2022-08-10 13:01:13,1.725,1.663,1.909
2022-08-10 14:01:16,1.735,1.674,1.909
2022-08-10 15:01:19,1.704,1.643,1.909
2022-08-10 16:01:22,1.704,1.663,1.909
2022-08-10 17:01:26,1.704,1.653,1.909
2022-08-10 18:01:32,1.704,1.643,1.909
2022-08-10 19:01:39,1.704,1.643,1.909
2022-08-10 20:01:43,1.725,1.663,1.929
2022-08-10 20:32:40,1.725,1.663,1.929
2022-08-10 21:32:43,1.725,1.663,1.929
2022-08-10 22:32:47,1.725,1.663,1.929
2022-08-10 23:32:49,1.786,1.725,1.97
2022-08-11 00:04:47,1.786,1.725,1.97
2022-08-11 01:04:49,1.786,1.725,1.97
2022-08-11 02:04:52,1.786,1.725,1.97
2022-08-11 03:04:55,1.735,1.674,1.929
2022-08-11 04:04:58,1.725,1.663,1.929
2022-08-11 05:05:01,1.786,1.766,1.96
2022-08-11 06:05:05,1.786,1.766,1.96
2022-08-11 07:07:55,1.776,1.714,1.919
2022-08-11 08:07:57,1.804,1.742,1.979
2022-08-11 09:07:59,1.773,1.711,1.958
2022-08-11 10:08:01,1.731,1.669,1.938
2022-08-11 11:08:03,1.731,1.7,1.938
2022-08-11 12:08:05,1.731,1.69,1.938
2022-08-11 13:08:07,1.731,1.669,1.938
2022-08-11 14:08:10,1.731,1.7,1.938
2022-08-11 15:08:11,1.731,1.68,1.938
2022-08-11 16:08:13,1.731,1.69,1.938
2022-08-11 17:08:15,1.731,1.68,1.938
2022-08-11 18:08:17,1.731,1.68,1.938
2022-08-11 19:08:20,1.731,1.669,1.938
2022-08-11 20:08:22,1.762,1.7,1.958
2022-08-11 21:08:24,1.762,1.7,1.958
2022-08-11 22:08:26,1.762,1.7,1.958
2022-08-11 23:08:31,1.824,1.762,2.01
2022-08-11 23:38:14,1.824,1.762,2.01
2022-08-12 00:38:16,1.824,1.762,2.01
2022-08-12 01:38:18,1.824,1.762,2.01
2022-08-12 02:38:20,1.824,1.762,2.01
2022-08-12 03:38:22,1.762,1.7,1.958
2022-08-12 04:38:25,1.804,1.742,1.999
2022-08-12 05:38:26,1.824,1.762,2.01
2022-08-12 06:38:29,1.742,1.68,1.969
2022-08-12 07:38:31,1.752,1.69,1.948
2022-08-12 08:38:32,1.752,1.69,1.948
2022-08-12 09:38:34,1.742,1.68,1.948
2022-08-12 10:38:36,1.742,1.68,1.948
2022-08-12 11:38:38,1.742,1.68,1.948
2022-08-12 12:38:40,1.742,1.68,1.948
2022-08-12 13:38:42,1.752,1.7,1.948
2022-08-12 14:38:44,1.742,1.68,1.948
2022-08-12 15:38:47,1.752,1.69,1.948
2022-08-12 16:38:49,1.731,1.669,1.958
2022-08-12 17:38:51,1.752,1.69,1.979
2022-08-12 18:38:53,1.742,1.68,1.968
2022-08-12 19:38:55,1.731,1.669,1.968
2022-08-12 20:38:58,1.773,1.711,1.999
2022-08-12 21:39:01,1.773,1.711,1.999
2022-08-12 23:28:51,1.834,1.773,2.02
2022-08-13 00:46:07,1.834,1.773,2.02
2022-08-13 01:46:09,1.834,1.773,2.02
2022-08-13 02:46:11,1.834,1.773,2.02
2022-08-13 03:46:13,1.834,1.773,2.02
2022-08-13 04:46:16,1.773,1.711,1.999
2022-08-13 05:46:18,1.834,1.773,2.03
2022-08-13 06:46:20,1.773,1.711,1.999
2022-08-13 07:46:22,1.773,1.711,1.999
2022-08-13 08:46:25,1.773,1.711,1.999
2022-08-13 09:46:27,1.742,1.68,1.989
2022-08-13 10:46:30,1.773,1.711,1.999
2022-08-13 11:46:32,1.762,1.7,1.999
2022-08-13 12:46:34,1.752,1.69,1.979
2022-08-13 13:46:37,1.773,1.711,1.999
2022-08-13 14:46:39,1.731,1.669,1.979
2022-08-13 15:46:42,1.752,1.69,1.999
2022-08-13 16:46:44,1.731,1.669,1.979
2022-08-13 17:46:47,1.762,1.7,1.999
2022-08-13 18:46:50,1.742,1.68,1.979
2022-08-13 19:46:52,1.731,1.669,1.979
2022-08-13 20:46:54,1.762,1.7,1.999
2022-08-13 21:46:57,1.762,1.7,1.999
2022-08-13 22:47:00,1.834,1.773,2.02
2022-08-14 00:03:35,1.834,1.773,2.02
2022-08-14 00:33:58,1.834,1.773,2.02
2022-08-14 04:23:53,1.834,1.773,2.02
2022-08-14 05:23:56,1.773,1.711,1.999
2022-08-14 06:23:57,1.773,1.711,1.999
2022-08-14 07:24:00,1.773,1.711,1.999
2022-08-14 08:24:02,1.773,1.711,1.999
2022-08-14 09:24:04,1.773,1.711,1.999
2022-08-14 10:24:08,1.762,1.7,1.999
2022-08-14 11:24:11,1.773,1.711,1.999
2022-08-14 12:24:14,1.773,1.711,1.999
2022-08-14 13:24:16,1.773,1.711,1.999
2022-08-14 14:24:19,1.762,1.7,1.999
2022-08-14 15:25:26,1.773,1.711,1.999
2022-08-14 16:25:27,1.773,1.711,1.999
2022-08-14 17:25:30,1.773,1.711,1.999
2022-08-14 18:25:32,1.773,1.711,1.999
2022-08-14 19:25:35,1.773,1.711,1.999
2022-08-14 20:25:37,1.773,1.711,1.999
2022-08-14 21:25:39,1.773,1.711,1.999
2022-08-14 22:25:41,1.773,1.711,1.999
2022-08-14 23:25:45,1.834,1.773,2.02
2022-08-15 00:25:47,1.834,1.773,2.02
2022-08-15 01:13:37,1.834,1.773,2.02
2022-08-15 02:13:39,1.834,1.773,2.02
2022-08-15 03:13:41,1.773,1.711,1.999
2022-08-15 04:13:43,1.773,1.711,1.999
2022-08-15 05:13:45,1.845,1.783,2.03
2022-08-15 06:13:47,1.783,1.721,2.01
2022-08-15 07:13:50,1.783,1.721,1.999
2022-08-15 08:13:52,1.77,1.709,1.985
2022-08-15 09:13:54,1.76,1.698,1.985
2022-08-15 10:13:56,1.719,1.657,1.954
2022-08-15 11:13:59,1.729,1.678,1.944
2022-08-15 12:14:01,1.729,1.668,1.944
2022-08-15 13:14:03,1.709,1.647,1.944
2022-08-15 14:14:06,1.719,1.657,1.944
2022-08-15 15:14:10,1.709,1.647,1.944
2022-08-15 16:15:36,1.719,1.657,1.944
2022-08-15 17:15:38,1.709,1.647,1.944
2022-08-15 18:15:10,1.719,1.657,1.944
2022-08-15 19:15:12,1.709,1.647,1.954
2022-08-15 20:15:14,1.729,1.668,1.975
2022-08-15 21:15:16,1.729,1.668,1.975
2022-08-15 22:15:18,1.729,1.668,1.975
2022-08-15 23:15:21,1.79,1.729,2.005
2022-08-16 00:15:23,1.79,1.729,2.005
2022-08-16 01:15:25,1.79,1.729,2.005
2022-08-16 02:15:27,1.79,1.729,2.005
2022-08-16 03:15:28,1.729,1.668,1.975
2022-08-16 04:15:31,1.729,1.668,1.975
2022-08-16 05:15:34,1.821,1.801,2.016
2022-08-16 06:15:37,1.78,1.719,1.995
2022-08-16 07:15:39,1.756,1.695,1.939
2022-08-16 08:15:43,1.756,1.695,1.979
2022-08-16 09:15:46,1.735,1.674,1.969
2022-08-16 10:15:48,1.705,1.644,1.949
2022-08-16 11:15:52,1.735,1.674,1.969
2022-08-16 12:27:29,1.705,1.644,1.969
2022-08-16 13:27:32,1.705,1.644,1.949
2022-08-16 14:27:35,1.705,1.644,1.949
2022-08-16 15:27:38,1.695,1.634,1.949
2022-08-16 16:27:40,1.705,1.644,1.949
2022-08-16 17:27:43,1.685,1.624,1.949
2022-08-16 18:27:46,1.685,1.624,1.949
2022-08-16 19:27:48,1.685,1.624,1.949
2022-08-16 20:27:51,1.705,1.644,1.969
2022-08-16 21:27:54,1.705,1.644,1.969
2022-08-16 22:27:56,1.705,1.644,1.969
2022-08-16 23:27:59,1.766,1.705,1.989
2022-08-17 00:28:02,1.766,1.705,1.989
2022-08-17 00:57:26,1.766,1.705,1.989
2022-08-17 01:57:28,1.766,1.705,1.989
2022-08-17 02:57:31,1.766,1.705,1.989
2022-08-17 03:57:33,1.705,1.644,1.959
2022-08-17 04:57:36,1.766,1.705,1.989
2022-08-17 05:57:38,1.766,1.705,1.989
2022-08-17 06:57:40,1.705,1.644,1.969
2022-08-17 07:57:43,1.747,1.686,1.961
2022-08-17 08:57:45,1.717,1.656,1.961
2022-08-17 09:57:47,1.717,1.656,1.961
2022-08-17 10:57:50,1.737,1.676,1.961
2022-08-17 11:57:52,1.717,1.656,1.961
2022-08-17 12:57:55,1.707,1.646,1.961
2022-08-17 13:57:58,1.747,1.686,1.961
2022-08-17 14:58:01,1.717,1.656,1.961
2022-08-17 15:58:03,1.717,1.656,1.961
2022-08-17 16:58:06,1.696,1.635,1.961
2022-08-17 17:58:08,1.717,1.656,1.961
2022-08-17 18:58:11,1.696,1.635,1.961
2022-08-17 19:58:14,1.696,1.635,1.961
2022-08-17 20:58:16,1.717,1.656,1.981
2022-08-17 21:46:06,1.717,1.656,1.981
2022-08-17 22:15:59,1.717,1.656,1.981
2022-08-17 23:16:01,1.778,1.717,2.011
2022-08-18 00:16:03,1.778,1.717,2.011
2022-08-18 01:16:05,1.778,1.717,2.011
2022-08-18 02:16:07,1.778,1.717,2.011
2022-08-18 03:16:08,1.717,1.656,1.991
2022-08-18 04:16:10,1.717,1.656,1.981
2022-08-18 05:16:12,1.859,1.798,2.022
2022-08-18 06:16:15,1.859,1.798,2.001
2022-08-18 07:16:18,1.735,1.674,1.948
2022-08-18 08:16:19,1.775,1.715,1.989
2022-08-18 09:16:22,1.725,1.664,1.989
2022-08-18 10:16:24,1.715,1.654,1.948
2022-08-18 11:16:26,1.735,1.674,1.989
2022-08-18 12:16:28,1.725,1.664,1.979
2022-08-18 13:16:33,1.715,1.654,1.968
2022-08-18 14:05:21,1.745,1.684,1.968
2022-08-18 15:05:23,1.715,1.654,1.968
2022-08-18 16:05:27,1.725,1.664,1.968
2022-08-18 17:05:29,1.715,1.654,1.968
2022-08-18 18:05:57,1.725,1.664,1.968
2022-08-18 18:22:37,1.704,1.644,1.968
2022-08-18 19:22:40,1.704,1.644,1.968
2022-08-18 20:22:43,1.725,1.664,1.989
2022-08-18 20:35:59,1.725,1.664,1.989
2022-08-18 22:07:34,1.725,1.664,1.999
2022-08-18 22:52:32,1.786,1.725,2.019
2022-08-18 23:52:34,1.786,1.725,2.019
2022-08-19 00:52:37,1.786,1.725,2.019
2022-08-19 01:52:39,1.786,1.725,2.019
2022-08-19 02:52:41,1.786,1.725,2.019
2022-08-19 03:52:43,1.725,1.664,1.999
2022-08-19 04:52:46,1.867,1.806,2.019
2022-08-19 05:52:48,1.867,1.806,2.019
2022-08-19 06:52:50,1.847,1.786,1.968
2022-08-19 07:52:52,1.793,1.733,1.955
2022-08-19 08:52:54,1.733,1.672,1.955
2022-08-19 09:52:56,1.713,1.652,1.955
2022-08-19 10:52:59,1.733,1.672,1.955
2022-08-19 11:53:01,1.723,1.662,1.955
2022-08-19 12:53:03,1.713,1.652,1.955
2022-08-19 13:53:05,1.733,1.682,1.955
2022-08-19 14:53:08,1.703,1.642,1.965
2022-08-19 15:53:11,1.703,1.642,1.975
2022-08-19 16:53:13,1.682,1.622,1.975
2022-08-19 17:53:16,1.703,1.642,1.965
2022-08-19 18:53:19,1.682,1.622,1.965
2022-08-19 19:53:22,1.682,1.622,1.965
2022-08-19 20:53:24,1.693,1.632,1.985
2022-08-19 21:53:28,1.693,1.632,1.985
2022-08-19 22:08:42,1.693,1.632,1.985
2022-08-19 23:09:47,1.743,1.682,1.985
2022-08-20 00:09:50,1.763,1.703,2.025
2022-08-20 00:55:01,1.763,1.703,2.025
2022-08-20 01:55:04,1.763,1.703,2.025
2022-08-20 02:54:11,1.763,1.703,2.025
2022-08-20 03:54:13,1.783,1.723,2.025
2022-08-20 04:54:15,1.783,1.723,2.005
2022-08-20 05:54:17,1.723,1.662,2.005
2022-08-20 06:54:20,1.703,1.642,1.985
2022-08-20 07:54:22,1.703,1.642,1.985
2022-08-20 08:54:24,1.703,1.642,1.985
2022-08-20 09:54:27,1.682,1.622,1.985
2022-08-20 10:54:29,1.703,1.642,1.985
2022-08-20 11:54:31,1.682,1.622,1.985
2022-08-20 12:54:33,1.682,1.622,1.985
2022-08-20 13:54:36,1.723,1.662,1.985
2022-08-20 14:54:39,1.693,1.632,1.985
2022-08-20 15:54:42,1.703,1.642,1.985
2022-08-20 16:54:46,1.682,1.622,1.985
2022-08-20 17:54:48,1.703,1.642,1.985
2022-08-20 18:54:51,1.682,1.622,1.985
2022-08-20 19:54:54,1.682,1.622,1.985
2022-08-20 20:54:57,1.703,1.642,1.985
2022-08-20 22:10:46,1.703,1.642,2.005
2022-08-20 23:10:49,1.763,1.703,2.025
2022-08-21 00:10:53,1.763,1.703,2.025
2022-08-21 01:10:58,1.763,1.703,2.025
2022-08-21 01:41:07,1.763,1.703,2.025
2022-08-21 02:56:01,1.763,1.703,2.025
2022-08-21 03:56:03,1.763,1.703,2.025
2022-08-21 04:56:06,1.783,1.723,2.035
2022-08-21 05:56:08,1.763,1.703,2.025
2022-08-21 06:56:10,1.703,1.642,1.985
2022-08-21 07:56:12,1.743,1.682,1.985
2022-08-21 08:56:15,1.703,1.642,1.985
2022-08-21 09:56:17,1.703,1.642,1.975
2022-08-21 10:56:20,1.743,1.682,1.975
2022-08-21 11:56:22,1.703,1.642,1.975
2022-08-21 12:41:03,1.703,1.642,1.975
2022-08-21 13:41:05,1.743,1.682,2.015
2022-08-21 14:41:08,1.723,1.662,1.975
2022-08-21 15:41:10,1.703,1.642,1.975
2022-08-21 16:41:13,1.703,1.642,1.975
2022-08-21 17:42:38,1.703,1.642,1.975
2022-08-21 18:42:40,1.703,1.642,1.975
2022-08-21 19:28:23,1.703,1.642,1.995
2022-08-21 20:28:25,1.703,1.642,1.995
2022-08-21 21:28:29,1.703,1.642,1.995
2022-08-21 22:28:33,1.703,1.642,1.995
2022-08-21 23:28:37,1.763,1.703,2.025
2022-08-22 00:28:40,1.763,1.703,2.025
2022-08-22 01:28:43,1.763,1.703,2.025
2022-08-22 02:27:39,1.763,1.703,2.025
2022-08-22 03:27:42,1.703,1.642,1.975
2022-08-22 04:27:44,1.703,1.642,1.975
2022-08-22 05:27:47,1.814,1.793,2.025
2022-08-22 05:57:35,1.854,1.793,2.015
2022-08-22 06:57:38,1.733,1.672,1.995
2022-08-22 07:57:40,1.773,1.713,2.003
2022-08-22 08:57:42,1.713,1.653,2.003
2022-08-22 09:57:44,1.693,1.633,1.973
2022-08-22 10:57:46,1.733,1.673,1.983
2022-08-22 11:57:48,1.713,1.653,1.973
2022-08-22 12:57:51,1.693,1.633,1.973
2022-08-22 13:57:53,1.723,1.663,1.973
2022-08-22 14:57:55,1.693,1.633,1.973
2022-08-22 15:57:57,1.693,1.633,1.983
2022-08-22 16:58:06,1.693,1.633,1.983
2022-08-22 17:12:41,1.693,1.633,1.983
2022-08-22 18:12:43,1.683,1.623,1.983
2022-08-22 18:59:25,1.673,1.613,1.983
2022-08-22 19:59:27,1.673,1.613,1.983
2022-08-22 20:59:29,1.693,1.633,2.003
2022-08-22 21:59:32,1.693,1.633,2.003
2022-08-22 22:59:34,1.753,1.693,2.034
2022-08-22 23:59:37,1.753,1.693,2.034
2022-08-23 00:59:41,1.753,1.693,2.034
2022-08-23 01:44:20,1.753,1.693,2.034
2022-08-23 02:44:22,1.753,1.693,2.034
2022-08-23 03:44:24,1.693,1.633,2.013
2022-08-23 04:44:27,1.733,1.673,2.034
2022-08-23 05:44:29,1.843,1.803,2.034
2022-08-23 06:44:32,1.833,1.773,2.003
2022-08-23 07:44:34,1.752,1.693,1.98
2022-08-23 08:44:36,1.693,1.634,1.97
2022-08-23 09:44:39,1.683,1.624,1.97
2022-08-23 10:44:41,1.713,1.653,1.97
2022-08-23 11:44:44,1.693,1.634,1.97
2022-08-23 12:44:47,1.683,1.624,1.97
2022-08-23 13:44:50,1.713,1.653,1.97
2022-08-23 14:44:53,1.693,1.634,1.97
2022-08-23 15:44:57,1.643,1.584,1.97
2022-08-23 16:26:28,1.643,1.584,1.97
2022-08-23 17:26:30,1.643,1.584,1.99
2022-08-23 18:26:33,1.643,1.584,1.99
2022-08-23 19:26:35,1.634,1.574,1.99
2022-08-23 20:26:37,1.643,1.584,2.01
2022-08-23 21:26:41,1.643,1.584,2.02
2022-08-23 22:26:45,1.643,1.584,2.02
2022-08-23 22:56:24,1.703,1.643,2.02
2022-08-23 23:41:41,1.703,1.643,2.02
2022-08-24 00:41:43,1.703,1.643,2.02
2022-08-24 01:41:45,1.703,1.643,2.02
2022-08-24 02:41:49,1.703,1.643,2.02
2022-08-24 03:41:52,1.663,1.604,2.01
2022-08-24 04:41:56,1.683,1.624,2.02
2022-08-24 05:29:41,1.812,1.792,2.03
2022-08-24 06:29:44,1.812,1.772,2.01
2022-08-24 07:29:46,1.7,1.641,2.009
2022-08-24 08:29:49,1.74,1.681,2.019
2022-08-24 09:29:51,1.7,1.641,2.009
2022-08-24 10:29:53,1.7,1.641,2.009
2022-08-24 11:29:56,1.73,1.671,2.019
2022-08-24 12:29:59,1.7,1.641,2.019
2022-08-24 13:30:03,1.69,1.631,2.009
2022-08-24 13:59:54,1.72,1.661,2.009
2022-08-24 14:59:56,1.69,1.631,2.009
2022-08-24 15:59:58,1.69,1.631,2.009
2022-08-24 17:00:00,1.69,1.631,2.009
2022-08-24 18:00:02,1.671,1.611,2.009
2022-08-24 19:00:04,1.671,1.611,2.009
2022-08-24 20:00:07,1.671,1.611,2.029
2022-08-24 21:00:09,1.661,1.601,2.029
2022-08-24 21:59:38,1.671,1.611,2.039
2022-08-24 22:59:41,1.72,1.661,2.059
2022-08-24 23:59:43,1.72,1.661,2.059
2022-08-25 00:59:45,1.72,1.661,2.059
2022-08-25 01:59:48,1.72,1.661,2.059
2022-08-25 02:59:50,1.72,1.661,2.059
2022-08-25 03:59:52,1.69,1.631,2.029
2022-08-25 04:59:55,1.85,1.82,2.059
2022-08-25 05:59:58,1.85,1.8,2.039
2022-08-25 07:00:01,1.83,1.77,2.029
2022-08-25 08:20:03,1.751,1.691,2.041
2022-08-25 09:20:05,1.711,1.651,2.041
2022-08-25 10:20:08,1.711,1.651,2.041
2022-08-25 11:20:11,1.751,1.691,2.041
2022-08-25 12:20:14,1.711,1.651,2.041
2022-08-25 13:20:16,1.691,1.631,2.041
2022-08-25 14:20:19,1.721,1.661,2.041
2022-08-25 15:20:21,1.701,1.641,2.041
2022-08-25 18:19:13,1.691,1.631,2.041
2022-08-25 19:34:15,1.671,1.611,2.041
2022-08-25 20:34:17,1.671,1.611,2.041
2022-08-25 21:34:20,1.721,1.661,2.071
2022-08-25 22:34:23,1.721,1.661,2.071
2022-08-25 23:34:25,1.731,1.671,2.071
2022-08-26 00:34:28,1.731,1.671,2.071
2022-08-26 01:34:30,1.731,1.671,2.071
2022-08-26 02:35:45,1.731,1.671,2.071
2022-08-26 03:35:47,1.701,1.641,2.041
2022-08-26 04:35:49,1.751,1.691,2.041
2022-08-26 05:35:51,1.751,1.731,2.041
2022-08-26 06:35:53,1.751,1.731,2.041
2022-08-26 07:35:55,1.742,1.693,2.031
2022-08-26 08:35:58,1.742,1.683,2.031
2022-08-26 09:36:00,1.713,1.653,2.031
2022-08-26 10:36:02,1.713,1.663,2.051
2022-08-26 11:36:05,1.703,1.643,2.051
2022-08-26 12:36:07,1.693,1.633,2.051
2022-08-26 13:36:10,1.703,1.643,2.051
2022-08-26 14:36:13,1.693,1.633,2.051
2022-08-26 15:36:15,1.703,1.643,2.071
2022-08-26 16:07:07,1.703,1.643,2.071
2022-08-26 17:07:10,1.683,1.623,2.061
2022-08-26 18:23:44,1.673,1.613,2.061
2022-08-26 19:58:38,1.653,1.593,2.061
2022-08-26 20:58:40,1.663,1.603,2.061
2022-08-26 21:58:42,1.703,1.643,2.061
2022-08-26 22:32:18,1.703,1.643,2.061
2022-08-26 23:32:21,1.723,1.663,2.071
2022-08-27 00:32:24,1.723,1.663,2.071
2022-08-27 01:17:19,1.723,1.663,2.071
2022-08-27 02:31:42,1.723,1.663,2.071
2022-08-27 03:31:19,1.742,1.683,2.071
2022-08-27 04:31:21,1.683,1.623,2.061
2022-08-27 05:31:23,1.703,1.643,2.081
2022-08-27 06:31:25,1.693,1.633,2.061
2022-08-27 07:31:27,1.683,1.623,2.061
2022-08-27 08:31:29,1.703,1.643,2.061
2022-08-27 09:31:31,1.693,1.633,2.061
2022-08-27 10:31:33,1.683,1.623,2.061
2022-08-27 11:31:34,1.713,1.653,2.061
2022-08-27 12:31:36,1.703,1.643,2.061
2022-08-27 13:31:38,1.683,1.623,2.061
2022-08-27 22:10:10,1.723,1.663,2.071
2022-08-27 23:11:45,1.742,1.683,2.071
2022-08-28 00:43:31,1.742,1.683,2.071
2022-08-28 01:46:49,1.742,1.683,2.071
2022-08-28 03:01:59,1.742,1.683,2.071
2022-08-28 04:17:04,1.762,1.703,2.071
2022-08-28 05:17:06,1.742,1.683,2.081
2022-08-28 06:17:08,1.723,1.663,2.081
2022-08-28 07:17:10,1.732,1.673,2.061
2022-08-28 08:17:13,1.683,1.713,2.061
2022-08-28 09:17:15,1.732,1.673,2.061
2022-08-28 10:17:18,1.723,1.663,2.061
2022-08-28 11:17:21,1.752,1.693,2.061
2022-08-28 12:34:44,1.723,1.663,2.061
2022-08-28 13:34:47,1.723,1.683,2.101
2022-08-28 14:34:49,1.723,1.663,2.071
2022-08-28 15:34:52,1.723,1.663,2.071
2022-08-28 16:34:54,1.723,1.663,2.071
2022-08-28 17:34:57,1.723,1.663,2.071
2022-08-28 18:35:01,1.693,1.633,2.091
2022-08-28 19:35:05,1.683,1.623,2.091
2022-08-28 21:32:17,1.723,1.663,2.071
2022-08-28 22:47:12,1.723,1.663,2.071
2022-08-29 00:02:11,1.723,1.663,2.071
2022-08-29 01:17:33,1.723,1.663,2.071
2022-08-29 02:02:22,1.723,1.663,2.071
2022-08-29 03:04:32,1.693,1.633,2.071
2022-08-29 04:19:33,1.693,1.633,2.071
2022-08-29 05:19:35,1.862,1.812,2.081
2022-08-29 06:19:37,1.852,1.792,2.061
2022-08-29 07:19:39,1.728,1.668,2.056
2022-08-29 08:19:41,1.758,1.698,2.056
2022-08-29 09:19:44,1.748,1.688,2.056
2022-08-29 10:19:45,1.708,1.648,2.056
2022-08-29 11:19:47,1.708,1.688,2.056
2022-08-29 12:19:49,1.708,1.648,2.056
2022-08-29 13:19:51,1.688,1.629,2.056
2022-08-29 14:19:54,1.678,1.619,2.066
2022-08-29 16:46:22,1.668,1.609,2.066
2022-08-29 18:01:23,1.668,1.609,2.076
2022-08-29 19:16:29,1.639,1.579,2.066
2022-08-29 20:32:21,1.668,1.609,2.086
2022-08-29 21:46:47,1.668,1.609,2.086
2022-08-29 23:01:24,1.668,1.609,2.076
2022-08-30 00:01:26,1.668,1.609,2.076
2022-08-30 01:01:28,1.668,1.609,2.076
2022-08-30 02:01:30,1.668,1.609,2.076
2022-08-30 03:01:32,1.658,1.599,2.076
2022-08-30 04:01:34,1.658,1.599,2.076
2022-08-30 05:01:36,1.768,1.708,2.076
2022-08-30 06:01:39,1.708,1.648,2.056
2022-08-30 07:01:41,1.688,1.629,2.056
2022-08-30 08:01:43,1.738,1.688,2.067
2022-08-30 09:01:46,1.728,1.668,2.067
2022-08-30 10:01:48,1.718,1.658,2.067
2022-08-30 10:51:32,1.728,1.698,2.067
2022-08-30 12:06:34,1.728,1.688,2.067
2022-08-30 13:09:28,1.728,1.668,2.067
2022-08-30 14:42:58,1.718,1.658,2.087
2022-08-30 15:45:06,1.728,1.668,2.107
2022-08-30 16:45:09,1.708,1.648,2.087
2022-08-30 17:45:12,1.728,1.668,2.107
2022-08-30 18:45:22,1.698,1.638,2.087
2022-08-30 20:00:02,1.698,1.638,2.107
2022-08-30 21:15:08,1.738,1.678,2.107
2022-08-30 22:30:00,1.738,1.678,2.107
2022-08-30 23:45:01,1.748,1.688,2.107
2022-08-31 01:00:06,1.748,1.688,2.107
2022-08-31 02:15:17,1.748,1.688,2.107
2022-08-31 03:15:19,1.718,1.658,2.107
2022-08-31 03:30:02,1.718,1.658,2.107
2022-08-31 04:45:28,1.748,1.688,2.097
2022-08-31 06:00:00,1.858,1.798,2.087
2022-08-31 07:15:09,1.852,1.792,2.092
2022-08-31 08:30:00,1.832,1.772,2.092
2022-08-31 09:45:10,1.782,1.722,2.092
2022-08-31 11:00:01,1.762,1.702,2.092
2022-08-31 12:15:02,1.762,1.702,2.092
2022-08-31 13:30:01,1.762,1.702,2.092
2022-08-31 14:32:11,1.762,1.702,2.102
2022-08-31 15:32:15,1.762,1.702,2.102
2022-08-31 16:47:23,1.762,1.702,2.102
2022-08-31 18:02:13,1.762,1.702,2.102
2022-08-31 19:17:12,1.762,1.702,2.102
2022-08-31 20:32:29,1.762,1.702,2.142
2022-08-31 21:47:10,1.782,1.722,2.142
2022-08-31 23:06:18,1.782,1.722,2.142
2022-09-01 00:21:33,1.782,1.722,2.142
2022-09-01 02:26:47,1.782,1.722,2.142
2022-09-01 03:41:44,1.782,1.722,2.142
2022-09-01 04:56:39,2.102,2.052,2.233
2022-09-01 06:11:41,2.062,2.002,2.213
2022-09-01 07:26:40,2.033,1.973,2.214
2022-09-01 08:41:39,2.083,2.023,2.214
2022-09-01 09:56:41,2.053,1.993,2.214
2022-09-01 11:11:48,2.073,2.013,2.214
2022-09-01 12:26:47,2.003,1.943,2.214
2022-09-01 13:41:48,2.003,1.943,2.214
2022-09-01 14:56:39,1.963,1.903,2.173
2022-09-01 16:11:44,1.923,1.863,2.173
2022-09-01 16:43:58,1.923,1.863,2.173
2022-09-01 17:51:53,1.923,1.863,2.184
2022-09-01 19:06:52,1.923,1.863,2.173
2022-09-01 20:21:59,1.953,1.893,2.194
2022-09-01 21:36:53,1.953,1.893,2.194
2022-09-01 22:51:56,2.013,1.953,2.194
2022-09-02 00:07:07,2.013,1.953,2.194
2022-09-02 01:36:59,2.013,1.953,2.194
2022-09-02 02:51:54,2.013,1.953,2.194
2022-09-02 04:07:06,1.923,1.863,2.184
2022-09-02 05:21:57,2.063,2.003,2.204
2022-09-02 06:36:54,2.003,1.943,2.173
2022-09-02 07:51:53,1.984,1.964,2.134
2022-09-02 09:06:57,1.944,1.884,2.134
2022-09-02 10:21:51,1.924,1.884,2.124
2022-09-02 11:36:58,1.914,1.854,2.134
2022-09-02 12:51:59,1.904,1.844,2.134
2022-09-02 14:06:52,1.904,1.854,2.134
2022-09-02 15:22:02,1.884,1.824,2.134
2022-09-02 16:36:54,1.884,1.824,2.134
2022-09-02 17:51:55,1.864,1.804,2.134
2022-09-02 19:06:58,1.864,1.804,2.134
2022-09-02 22:36:03,1.874,1.814,2.154
2022-09-03 00:12:30,1.924,1.864,2.193
2022-09-03 04:12:45,1.874,1.814,2.163
2022-09-03 05:27:33,1.934,1.874,2.193
2022-09-03 06:42:26,1.884,1.824,2.144
2022-09-03 07:57:38,1.944,1.884,2.144
2022-09-03 09:12:27,1.904,1.844,2.144
2022-09-03 10:27:26,1.884,1.824,2.144
2022-09-03 10:42:28,1.924,1.864,2.144
2022-09-03 11:57:30,1.904,1.844,2.144
2022-09-03 13:12:30,1.884,1.824,2.144
2022-09-03 14:27:29,1.894,1.834,2.144
2022-09-03 15:42:26,1.904,1.844,2.144
2022-09-03 16:57:25,1.864,1.804,2.144
2022-09-03 18:12:29,1.874,1.814,2.144
2022-09-03 19:27:26,1.854,1.794,2.144
2022-09-03 20:28:35,1.884,1.824,2.163
2022-09-03 21:43:26,1.884,1.824,2.163
2022-09-03 22:13:17,1.884,1.824,2.163
2022-09-03 23:28:47,1.924,1.864,2.193
2022-09-04 00:43:46,1.924,1.864,2.193
2022-09-04 01:58:40,1.924,1.864,2.193
2022-09-04 03:00:58,1.924,1.864,2.193
2022-09-04 04:16:09,1.924,1.864,2.193
2022-09-04 04:48:06,2.004,1.944,2.193
2022-09-04 06:03:10,1.914,1.854,2.173
2022-09-04 06:51:02,1.874,1.814,2.154
2022-09-04 08:06:24,1.924,1.864,2.144
2022-09-04 09:21:30,1.874,1.814,2.144
2022-09-04 10:36:28,1.934,1.874,2.144
2022-09-04 11:53:37,1.874,1.814,2.144
2022-09-04 13:23:45,1.914,1.854,2.144
2022-09-04 14:54:07,1.874,1.814,2.134
2022-09-04 16:09:10,1.874,1.814,2.134
2022-09-04 17:24:11,1.874,1.814,2.134
2022-09-04 18:39:40,1.874,1.814,2.134
2022-09-04 19:54:15,1.874,1.814,2.154
2022-09-04 21:09:11,1.874,1.814,2.154
2022-09-04 22:09:08,1.874,1.814,2.154
2022-09-04 23:24:27,1.924,1.864,2.193
2022-09-05 00:39:27,1.924,1.864,2.193
2022-09-05 01:54:34,1.924,1.864,2.193
2022-09-05 03:09:33,1.884,1.824,2.134
2022-09-05 04:24:54,1.874,1.814,2.163
2022-09-05 05:24:58,1.924,1.864,2.193
2022-09-05 05:39:37,1.924,1.864,2.193
2022-09-05 06:54:26,1.894,1.834,2.154
2022-09-05 08:09:45,1.881,1.822,2.149
2022-09-05 09:24:47,1.862,1.802,2.149
2022-09-05 10:39:49,1.852,1.832,2.129
2022-09-05 11:55:05,1.852,1.812,2.129
2022-09-05 13:26:55,1.852,1.792,2.129
2022-09-05 13:59:14,1.852,1.832,2.129
2022-09-05 15:14:18,1.852,1.792,2.129
2022-09-05 16:31:22,1.842,1.782,2.129
2022-09-05 17:46:18,1.852,1.792,2.129
2022-09-05 19:01:20,1.832,1.772,2.129
2022-09-05 20:16:14,1.871,1.812,2.149
2022-09-05 21:31:36,1.871,1.812,2.149
2022-09-05 22:46:42,1.901,1.842,2.218
2022-09-06 00:02:00,1.901,1.842,2.218
2022-09-06 01:17:01,1.901,1.842,2.218
2022-09-06 07:55:41,1.893,1.873,2.193
2022-09-06 09:10:36,1.873,1.814,2.193
2022-09-06 10:25:46,1.873,1.814,2.173
2022-09-06 11:40:40,1.893,1.844,2.173
2022-09-06 12:55:43,1.883,1.824,2.153
2022-09-06 13:42:56,1.893,1.844,2.153
2022-09-06 14:57:54,1.873,1.814,2.143
2022-09-06 16:12:51,1.873,1.814,2.143
2022-09-06 17:27:55,1.873,1.814,2.143
2022-09-06 18:42:53,1.873,1.814,2.143
2022-09-06 19:58:16,1.873,1.814,2.143
2022-09-06 20:45:08,1.893,1.834,2.163
2022-09-06 22:02:05,1.893,1.834,2.173
2022-09-06 23:17:05,1.943,1.883,2.212
2022-09-07 00:32:11,1.943,1.883,2.212
2022-09-07 01:47:13,1.943,1.883,2.212
2022-09-07 03:02:23,1.893,1.834,2.173
2022-09-07 04:17:29,1.893,1.834,2.173
2022-09-07 05:33:27,1.943,1.883,2.202
2022-09-07 06:47:25,1.913,1.854,2.173
2022-09-07 08:02:33,1.891,1.871,2.159
2022-09-07 09:17:36,1.891,1.852,2.159
2022-09-07 10:32:31,1.891,1.832,2.159
2022-09-07 11:47:31,1.891,1.852,2.159
2022-09-07 13:02:25,1.891,1.832,2.159
2022-09-07 14:17:25,1.891,1.852,2.159
2022-09-07 15:32:55,1.891,1.832,2.159
2022-09-07 17:03:55,1.871,1.812,2.139
2022-09-07 18:18:09,1.871,1.812,2.139
2022-09-07 19:33:14,1.871,1.812,2.139
2022-09-07 20:48:17,1.881,1.822,2.149
2022-09-07 22:18:35,1.881,1.822,2.149
2022-09-07 23:33:29,1.941,1.881,2.198
2022-09-08 00:49:02,1.941,1.881,2.198
2022-09-08 02:04:01,1.941,1.881,2.198
2022-09-08 02:51:55,1.941,1.881,2.198
2022-09-08 04:07:01,1.891,1.832,2.159
2022-09-08 05:09:03,2.01,1.99,2.188
2022-09-08 06:10:08,2.01,1.99,2.169
2022-09-08 07:25:01,1.919,1.859,2.189
2022-09-08 08:56:46,1.949,1.889,2.179
2022-09-08 10:12:12,1.899,1.849,2.139
2022-09-08 11:27:03,1.899,1.879,2.139
2022-09-08 12:42:09,1.899,1.849,2.139
2022-09-08 13:57:06,1.899,1.859,2.139
2022-09-08 15:12:18,1.889,1.829,2.119
2022-09-08 16:27:26,1.889,1.829,2.119
2022-09-08 17:42:24,1.889,1.849,2.119
2022-09-08 18:57:43,1.879,1.819,2.119
2022-09-08 20:27:48,1.889,1.829,2.139
2022-09-08 21:42:56,1.889,1.829,2.139
2022-09-08 22:57:44,1.949,1.889,2.199
2022-09-09 00:13:02,1.949,1.889,2.199
2022-09-09 01:28:08,1.949,1.889,2.199
2022-09-09 02:43:44,1.949,1.889,2.199
2022-09-09 03:58:53,1.899,1.839,2.139
2022-09-09 05:14:05,2.049,2.029,2.199
2022-09-09 06:23:12,2.049,2.019,2.169
